ğŸš¨WANTEDğŸš¨for ROBBERY On Wednesday 11/14/20 @ 4:40 PM on a N/B 2 Train @ 3 Ave &amp; 149 St Station #Bronx @NYPD40PctğŸ‘“Seen these people? Know who they are?â˜ï¸Call us 1-800-577-TIPS. It is ANONYMOUS and you can receive a REWARD of up to $2500! #YourCityYourCall https://t.co/axdxRwApYV
1333277773750792193
ğŸš¨WANTEDğŸš¨for ROBBERY On Wednesday 11/18/20 @ 1:20 PM on the c/o Madison St &amp; Gouverneur St  #Manhattan @NYPD7PctğŸ‘“Seen this person? Know this person?â˜ï¸Call us 1-800-577-TIPS. It is ANONYMOUS and you can receive a REWARD of up to $2500! #YourCityYourCall @NYPDDetectives @NYPDShea https://t.co/VmJVu5F2SD
1333272942323638272
ğŸš¨WANTEDğŸš¨for ROBBERY On Thursday 10/1/20 @ 7:51 AM in front of 2359 Jerome Ave #Bronx @NYPD52Pct ğŸ‘“Seen this person? Know this person?â˜ï¸Call us 1-800-577-TIPS. It is ANONYMOUS and you can receive a REWARD of up to $2500! #YourCityYourCall https://t.co/RZBulukzDZ
1333239210661339138
ğŸš¨WANTEDğŸš¨for ASSAULT On Saturday 11/28/20 @ 10:00 AM in front of 1737 Boston Rd #Bronx @NYPD42Pct ğŸ‘“Seen this person? Know who this is?â˜ï¸Call 1-800-577-TIPS. It is ANONYMOUS and you can receive a REWARD of up to $2500! #YourCityYourCall @BronxDAClark @NYPDShea @NYPDDetectives https://t.co/uxjO0YPrh5
1333236119677308929
RT @NYPD19Pct: ğŸš¨WANTED for ROBBERY
On 11/26 at 1:05pm, an 88-year-old female was walking in the vicinity of East 89th St. &amp; York Ave. whenâ€¦
1333168421253623808
ğŸš¨WANTEDğŸš¨for BURGLARY On 10/24/20 @ 12:45AM inside a construction site located at 555 West 38 Street @NYPD10PCT #Manhattan ğŸ‘“Seen this person? Know this person?â˜ï¸Call us 1-800-577-TIPS. It is ANONYMOUS you can receive a REWARD of up to $2500! #YourCityYourCall https://t.co/64Ov3gWFSn
1333166422516781066
ğŸš¨WANTEDğŸš¨for an Assault (Non-fatal shooting)in front of 2260 Crotona Ave. #MorrisHeights #BRONX @NYPD48Pct on 11/21/2020 at 9:31 PMğŸ’°Reward up to $2500 ğŸ‘“ Seen them? Know who they are ?â˜ï¸Call 1-800-577-TIPS or DM us!ğŸ“Calls are CONFIDENTIAL! #YourCityYourCall https://t.co/Vsu97dG9ar
1332551292259069952
ğŸš¨WANTEDğŸš¨for ROBBERY #Inwood #Manhattan @NYPD34PCT  in the vicinity of Wadsworth Ave &amp; west 190th St.  11/24/20 @ 8:40 PMğŸ’°Reward up to $2500ğŸ•¶Seen them? Know who they are? â˜ï¸Call 1-800-577-TIPS or DM us! ğŸ“Calls are CONFIDENTIAL! #yourcityYourcall @NYPDDetectives @NYPDShea https://t.co/dws3gksAr1
1332543234476826625
ğŸš¨WANTEDğŸš¨for an ASSAULT #Hunterspoint #yourcityyourcall inside the Queens Plaza ğŸš‚ station â€œRâ€ train platform on 11/23/20 @ 9:16 AMğŸ’°Reward up to $2500ğŸ•¶Seen him? Know who he is? â˜ï¸Call 1-800-577-TIPS or DM us!ğŸ“Calls are CONFIDENTIAL! #yourcityyourcall @NYPDShea @NYPDDetectives https://t.co/5DKFZieUv8
1331793819650682880
ğŸš¨WANTEDğŸš¨for a ROBBERY #Queens @NYPD103Pct in front of 139-01 89th Ave on 9/30/20 @ 8:55 PM ğŸ’°Reward up to $2500ğŸ•¶Seen him? Know who he is? â˜ï¸Call 1-800-577-TIPS or DM us!ğŸ“Calls are CONFIDENTIAL! #yourcityYourcall @NYPDShea @NYPDDetectives @NYPDChiefofDept @QueensDAKatz @ABC7NY https://t.co/WU3kJZD7Ba
1331793046577553408
ğŸš¨WANTEDğŸš¨for a PUBLIC LEWDNESS #Regopark #Queens on board an E/B Q60 MTS bus in vicinity of 63 Drive &amp; Queens Blvd on 11/15/20@4:25AMğŸ’°Reward up to $2500ğŸ•¶Seen him? Know who he is? â˜ï¸Call 1-800-577-TIPSorDM us!ğŸ“Calls are CONFIDENTIAL! #yourcityYourcall @NYPDShea @NYPDDetectives https://t.co/brB5JbjIO2
1331790013068152832
ğŸš¨WANTEDğŸš¨for an ASSAULT #Brooklyn @NYPD84Pct aboard the northbound â€œAâ€ ğŸš‚ en route to High Street Station on 11/21/20 @ 11:50 AMğŸ’°Reward up to $2500ğŸ•¶Seen him? Know who he is? â˜ï¸Call 1-800-577-TIPS or DM us!ğŸ“Calls are CONFIDENTIAL! #yourcityYourcall @NYPDShea @NYPDDetectives https://t.co/RepmNsgO8c
1331787682431832066
ğŸš¨WANTEDğŸš¨for a ROBBERY #Woodhaven #Queens @NYPD102Pct @ Woodhaven Blvd and Jackie Robinson Parkway on 11/23/20 @ 7:00 PMğŸ’°Reward up to $2500ğŸ•¶Seen them? Know who they are? â˜ï¸Call 1-800-577-TIPS or DM us!ğŸ“Calls are CONFIDENTIAL! #yourcityYourcall @NYPDShea @NYPDDetectives https://t.co/XhmX5gPpk2
1331782503317839872
ğŸš¨WANTEDğŸš¨for an ASSAULT #Midtown #Manhattan @ the Grand Central ğŸš‚ Station on 11/21/20 @ 10:00 PMğŸ’°Reward up to $2500ğŸ•¶Seen him? Know who he is?â˜ï¸Call 1-800-577-TIPS or DM us!ğŸ“Calls are CONFIDENTIAL! #yourcityYourcall @NYPDShea @NYPDDetectives @NYPDChiefofDept @NYPDChiefPatrol https://t.co/l4R6CB3iCY
1331773455235248129
ğŸš¨WANTEDğŸš¨for A BANK ROBBERY inside  of  450 3rd Avenue #Manhattan @NYPD17Pct on 11/24/2020 AT 4:45 PM ğŸ’°Reward up to $2500ğŸ‘“Seen him? Know who he is ?â˜ï¸Call 1-800-577-TIPS or DM us!ğŸ“Calls are CONFIDENTIAL! #YourCityYourCall @NYPDDetectives @NYPDShea @NYPDChiefPatrol https://t.co/vhG8xnYmB2
1331454061904867329
ğŸš¨WANTEDğŸš¨ for ATTEMPTED ROBBERY opposite 500 West 48 Street #HELLSKITCHEN#MANHATTAN  at @NYPDMTN on 11/19/2020 at 9:14 PM ğŸ’°Reward up to $2500ğŸ‘“Seen them? Know who they are?â˜ï¸Call 1-800-577-TIPS or DM us!ğŸ“Calls are CONFIDENTIAL! #YourCityYourCall @NYPDShea @NYPDDetectives https://t.co/BJSX2p8aXT
1331447755378724865
ğŸš¨WANTEDğŸš¨for A BANK ROBBERY inside of 9313 3rd Avenue #BAYRIDGE #BROOKLYN @NYPD68Pct on 11/24/2020 at 2:43 PM ğŸ’°Reward up to $2500ğŸ‘“Seen him? Know who he is ?â˜ï¸Call 1-800-577-TIPS or DM us!ğŸ“Calls are CONFIDENTIAL! #YourCityYourCall @NYPDDetectives @NYPDShea @NYPDFIRSTDEP https://t.co/CA43QXwDIB
1331442329572569089
ğŸš¨WANTEDğŸš¨for A ROBBERY inside of 1838 Anthony Avenue #WESTBRONX #BRONX  @NYPD46Pct on 11/22/2020 at 5:57 PM ğŸ’°Reward up to $2500ğŸ‘“Seen them? Know who they are ?â˜ï¸Call 1-800-577-TIPS or DM us!ğŸ“Calls are CONFIDENTIAL! #YourCityYourCall @NYPDDetectives @NYPDShea https://t.co/iaohqtagh3
1331435972706373633
RT @NYPDnews: ADVISORY: Please avoid the area of 146th Road and 179th Street in Queens due to police activity. Expect a large police presenâ€¦
1331320313578131456
ğŸš¨WANTEDğŸš¨for A HOMICIDE of a 1 year old male  in front of 466 Madison St. #BedStuy #BROOKLYN  #NYPD on 07/12/2020 at 11:30 PM ğŸ’°Reward up to ğŸ’°ğŸ’°$20,000ğŸ’°ğŸ’°ğŸ‘“Seen them? Know who they are ?â˜ï¸Call 1-800-577-TIPS or DM us!ğŸ“Calls are CONFIDENTIAL! #YourCityYourCall https://t.co/rhqWHSGBtg
1331012839612485634
ğŸš¨WANTEDğŸš¨for ROBBERY #Foxhurst #Bronx @NYPD41PCT @ 1214 Westchester Ave on 11/20/20 @ 12:30 AMğŸ’°Reward up to $2500ğŸ•¶Seen him? Know who he is?â˜ï¸Call 1-800-577-TIPS or DM us!ğŸ“Calls are CONFIDENTIAL! #yourcityYourcall @NYPDDetectives @NYPDShea @NYPDFIRSTDEP @NYPDChiefofDept https://t.co/QoEtdzF0Pm
1330973644324020228
ğŸš¨WANTEDğŸš¨for a Reckless Endangerment @ the Atlantic Ave ğŸš‚ station #Brooklyn @NYPD78Pct @NYPDTransit on 11/22/20 @ 11:25 AM ğŸ’°Reward up to $2500ğŸ•¶Seen Him? Know who he is? â˜ï¸Call 1-800-577-TIPS or DM us! ğŸ“Calls are CONFIDENTIAL! #yourcityYourcall @NYPDShea @NYPDDetectives @NY1 https://t.co/4WxxcqHe9c
1330734890489421825
RT @NYPDChiefofDept: ğŸš¨We need your help, NYC. 
The woman seen in this video who is in her twenties is WANTED for robbing an 85-year-old manâ€¦
1330707768114896896
ğŸš¨WANTEDğŸš¨for a FORCIBLE TOUCHING in front of 735 Utica Ave. #EastFlatBush #Brooklyn #NYPD on 11/19/20 @ 9:20 PMğŸ’°Reward up to $2500ğŸ•¶Seen him? Know who he is? â˜ï¸Call 1-800-577-TIPS or DM us! ğŸ“Calls are CONFIDENTIAL! #yourcityYourcall https://t.co/awO63kiYDR
1330645159139291144
ğŸš¨WANTEDğŸš¨for an a Public Lewdness on the S/B â€œEâ€ ğŸš‚in the vicinity of 71St. Ave-Forest Hills Station #ForestHills #Queens on 11/20/20 at 9:30 PMğŸ’°Reward up to $2500 Seen him? Know he is?ğŸ“²Call 1-800-577-TIPS !ğŸ“Calls are CONFIDENTIAL! #YourCityYourCall https://t.co/FKz4GFOCQ2
1330638774682923008
ğŸš¨WANTEDğŸš¨for a Robbery at Gun and Knife Point in the vicinity of East 169 St. and Clay Ave. #Morrisania #BRONX on 11/5/2020 at 6:35  AM ğŸ’°Reward up to $2500 ğŸ‘“ Seen them? Know who they are ?â˜ï¸Call 1-800-577-TIPS or DM us!ğŸ“Calls are CONFIDENTIAL! #YourCityYourCall https://t.co/EB6YJD8OiV
1330634215180935169
ğŸš¨WANTEDğŸš¨for an Assault (Stabbing)j on the C/O Jerome Ave. And East 174th St. #MorrisHeights #BRONX on 11/10/2020 at 10:22 AM ğŸ’°Reward up to $2500 ğŸ‘“ Seen them? Know who they are ?â˜ï¸Call 1-800-577-TIPS or DM us!ğŸ“Calls are CONFIDENTIAL! #YourCityYourCall https://t.co/IgJ0Ha5V08
1330631119876874241
ğŸš¨WANTEDğŸš¨for an Assault inside of the 23rd Street and 8th Avenue ğŸš‚ Station #chelsea #manhattan On 11/17/20 @ 3:30PMğŸ’°Reward up to $2500ğŸ‘“Seen him? Know who he is?â˜ï¸Call 1-800-577-TIPS or DM us!ğŸ“Calls are CONFIDENTIAL! #yourcityyourcall https://t.co/kICXwtBn8D
1330017132092985344
ğŸš¨WANTEDğŸš¨for a Arson Pattern in the confines of the 67 Precinct #brooklyn within the month of November ğŸ’°Reward up to $2500ğŸ‘“Seen them? Know who they are?â˜ï¸Call 1-800-577-TIPS or DM us!ğŸ“Calls are CONFIDENTIAL! #yourcityyourcall https://t.co/cieJIOSiMJ
1329995015834177539
ğŸš¨WANTEDğŸš¨for a Robbery at the corner of Surf Avenue and West 15 Street #coneyisland #brooklyn On 11/15/20 @ 9:15PMğŸ’°Reward up to $2500ğŸ‘“Seen them? Know who they are?â˜ï¸Call 1-800-577-TIPS or DM us!ğŸ“Calls are CONFIDENTIAL! #yourcityyourcall https://t.co/yAw3qjF5G2
1329992220695474176
ğŸš¨WANTEDğŸš¨for A HOMICIDE in front of 1222 78 STREET #DYKERHEIGHTS #BROOKLYN  @NYPD68Pct on 09/12/2020 at 5:22 PM ğŸ’°Reward up to $2500ğŸ‘“Seen them? Know who they are ?â˜ï¸Call 1-800-577-TIPS or DM us!ğŸ“Calls are CONFIDENTIAL! #YourCityYourCall @NYPDShea @NYPDDetectives @NYPDFIRSTDEP https://t.co/GJqt2z1ixE
1329910490718482440
Our @NYPDSVU Detectives are amongst the finest in the world, but theyâ€™re asking for YOUR help in this important case. In March 2018, a 12 y/o female survived a vicious sexual assault in her own home. The reward in this case is up to $10,000 and all calls remain confidential. https://t.co/iclfgEvtUa
1329851200125227011
ï¿¼WANTEDï¿¼for a Grand Larceny at the Simpson Street Train Station Â #Bronx On 11/13/20 @11:25 PMï¿¼Reward up to $2500ï¿¼Seen him? Know who he is?ï¿¼Call 1-800-577-TIPS or DM us!ï¿¼Calls are CONFIDENTIAL! #YourCityYourCall https://t.co/JEfOiqQZZV
1329674911472869377
ï¿¼WANTEDï¿¼for Reckless Endangerment in front of 1331 Park Place #weeksville #brooklyn On 10/21/20 @ 8:52PMï¿¼ Reward up to $2500ï¿¼Seen them? Know who they are?ï¿¼Call 1-800-577-TIPS or DM us!ï¿¼Calls are CONFIDENTIAL! #YourCityYourCall https://t.co/u9LP8zbaGt
1329672866816790530
ï¿¼WANTEDï¿¼ for an Attempted Robbery at the southbound platform of the Queensboro Plaza train station #Queens On 11/13/20 @ 2:40 PMï¿¼Reward up to $2500ï¿¼Seen him? Know who he is?ï¿¼Call 1-800-577-TIPS or DM us!ï¿¼Calls are CONFIDENTIAL! #YourCityYourCall https://t.co/ExQm7itnSz
1329670413937483777
ğŸš¨WANTEDğŸš¨for ROBBERY / FORCIBLE TOUCHING in front of 1660 Crotona Park East #BRONX  @NYPD42Pct  on 11/07/2020 at 2:20 AM ğŸ’°Reward up to $2500ğŸ‘“Seen him? Know who he is ?â˜ï¸Call 1-800-577-TIPS or DM us!ğŸ“Calls are CONFIDENTIAL! #YourCityYourCall @NYPDShea @NYPDDetectives https://t.co/zYgIl1R9xO
1329658322782461955
ğŸš¨WANTEDğŸš¨for A BURGLARY in vicinity of 1306 Chisholm STREET #BRONX at @NYPD42Pct on 10/02/2020 at 9:30 AMğŸ’°Reward up to $2500ğŸ‘“Seen him? Know who he is ?â˜ï¸Call 1-800-577-TIPS or DM us!ğŸ“Calls are CONFIDENTIAL! #YourCityYourCall @NYPDShea @NYPDDetectives https://t.co/JuIeu7gEZ6
1329649503016771585
ğŸš¨WANTEDğŸš¨for A ROBBERY in front of 101-62 120th STREET #SOUTHRICHMONDHILL #QUEENS  at @NYPD102Pct on 11/14/2020 at 8:40 AM ğŸ’°Reward up to $2500ğŸ‘“Seen him? Know who he is ?â˜ï¸Call 1-800-577-TIPS or DM us!ğŸ“Calls are CONFIDENTIAL! #YourCityYourCall @NYPDShea @NYPDDetectives https://t.co/7NHCaiJnXt
1329638539651387392
ğŸš¨WANTEDğŸš¨for A BURGLARY in the vicinity of MURRAY STREET #WHITESTONE #QUEENS   @NYPD109Pct on 11/17/2020 at 4:00 PM ğŸ’°Reward up to $2500ğŸ‘“Seen them? Know who they are ?â˜ï¸Call 1-800-577-TIPS or DM us!ğŸ“Calls are CONFIDENTIAL! #YourCityYourCall @NYPDShea @NYPDDetectives https://t.co/cmhQ9ceR40
1329589909942886402
ğŸš¨WANTEDğŸš¨FORCIBLE TOUCHING #Soundview #Bronx @NYPD43PCT @NYPDTD12 @ St Lawrence Ave "6" train on 11/6/20 @ 8:10 AMğŸ’°Reward up to $2500ğŸ•¶Seen him? Know who this is?â˜ï¸Call 1-800-577-TIPS or DM us!ğŸ“Calls are CONFIDENTIAL! #yourcityYourcall @NYPDDetectives @NYPDShea @NYPDFIRSTDEP https://t.co/zYkRaF1mm7
1329535591860609026
ï¿¼WANTEDï¿¼ for AN ATTEMPTED ROBBERY in the vicinity of 1029 Washington avenue. #Bronx Â @NYPD42pct on 10/31/20 @ 4:05 PM ï¿¼Reward up to $2500ï¿¼Seen him? Know who he is ?ï¿¼Call 1-800-577-TIPS or DM us!ï¿¼Calls are CONFIDENTIAL! https://t.co/Ok4G6DrHQS
1329364174691045378
ï¿¼WANTEDï¿¼ for AN ASSAULT inside the subway station at Avenue of the Americas and West 42 nd street Â #Manhattan Â @NYPD14pct on 11/18/20 @ 6:50 PM ï¿¼Reward up to $2500ï¿¼Seen him? Know who he is ?ï¿¼Call 1-800-577-TIPS or DM us!ï¿¼Calls are CONFIDENTIAL! https://t.co/u4Ho4a3M7y
1329362774858870784
ï¿¼WANTEDï¿¼ for AN Assault in the vicinity of 1456 fulton street . #BrooklynÂ @NYPD79pct on 11/17/20 @ 2:28 PM ï¿¼Reward up to $2500ï¿¼Seen them? Know who they are?ï¿¼Call 1-800-577-TIPS or DM us!ï¿¼Calls are CONFIDENTIAL! https://t.co/SnIhTR3qqM
1329289989411266561
ğŸš¨WANTEDğŸš¨for a FORCIBLE TOUCHING  #Williamsburg #Brooklyn @NYPD90Pct @ Devoe Street and Humboldt Street on 09/11/20 @ 12:30PMğŸ’°Reward up to $2500ğŸ•¶Seen him? Know who he is? â˜ï¸Call 1-800-577-TIPS or DM us! ğŸ“Calls are CONFIDENTIAL! #yourcityYourcall @NYPDDetectives @NYPDShea @NY1 https://t.co/1HhyFpLBUi
1329270296780673026
ğŸš¨WANTEDğŸš¨for an ASSAULT  #Wakefield #Bronx @NYPD47Pct @ 4053 Carpenter Ave on 11/15/20 @ 4:15PMğŸ’°Reward up to $2500ğŸ•¶Seen them? Know who they are? â˜ï¸Call 1-800-577-TIPS or DM us! ğŸ“Calls are CONFIDENTIAL! #yourcityYourcall @NYPDDetectives @NYPDShea @BronxDAClark @News12BX @NY1 https://t.co/qwYdxkylNW
1329260458558320642
ğŸš¨WANTEDğŸš¨for a SEXUAL ABUSE  #EastHarlem #Manhattan @NYPD19Pct @ the Lexington Ave and 96th Street ğŸš‚ station on 10/26/20 @ 5:30AMğŸ’°Reward up to $2500ğŸ•¶Seen him? Know who he is?â˜ï¸Call 1-800-577-TIPS or DM us! ğŸ“Calls are CONFIDENTIAL! #yourcityYourcall @NYPDDetectives @NYPDShea https://t.co/3bmCiZaIyB
1329246377717719041
ğŸš¨WANTEDğŸš¨for a ROBBERY #Jamaica #Queens @NYPD103Pct @ the Jamaica Center/Parsons/Archer ğŸš‚ station on 11/11/20 @ 8:00PMğŸ’°Reward up to $2500ğŸ•¶Seen them? Know who they are?â˜ï¸Call 1-800-577-TIPS or DM us! ğŸ“Calls are CONFIDENTIAL! #yourcityYourcall @NYPDDetectives @NYPDShea @NY1 https://t.co/j0U5leSyhH
1329225471129772033
ğŸš¨WANTEDğŸš¨for a ROBBERY #midtown #Manhattan @NYPDMTS @ the 7th Ave &amp; West 42 StreetğŸš‚station on 11/17/20 @ 2:45PMğŸ’°Reward up to $2500ğŸ•¶Seen them?Know who they are?â˜ï¸Call 1-800-577-TIPS or DM us!ğŸ“Calls are CONFIDENTIAL! #yourcityYourcall @NYPDShea @NYPDDetectives @NYPDChiefPatrol https://t.co/QUakqxlBPx
1329208492239056904
ğŸš¨WANTEDğŸš¨for an ASSAULT #harlem #Manhattan @NYPD28Pct @ West 125 St and Frederick Douglas Blvd on 10/19/20 @ 3:10PMğŸ’°Reward up to $2500ğŸ•¶Seen them? Know who they are?â˜ï¸Call 1-800-577-TIPS or DM us! ğŸ“Calls are CONFIDENTIAL! #yourcityYourcall @NYPDDetectives @NYPDShea https://t.co/G349CFowJ7
1329200103161274369
ğŸš¨WANTEDğŸš¨for an ASSAULT #jamaica #Queens @NYPD107Pct @ 170-19 Hillside Ave on 11/17/ 20 @ 2:50 PMğŸ’°Reward up to $2500ğŸ•¶Seen him? Know who he is?â˜ï¸Call 1-800-577-TIPS or DM us! ğŸ“Calls are CONFIDENTIAL! #yourcityYourcall @NYPDDetectives @NYPDShea @NYPDChiefofDept @NYPDChiefPatrol https://t.co/QB7xTjE8SY
1329192202162024455
ğŸš¨WANTEDğŸš¨for a ROBBERY #flatbush #Brooklyn @NYPD70Pct in the vicinity of Ocean Ave and Church Ave on 10/31/20 @ 1:27 PMğŸ’°Reward up to $2500ğŸ•¶Seen him? Know who he is?â˜ï¸Call 1-800-577-TIPS or DM us! ğŸ“Calls are CONFIDENTIAL! #yourcityYourcall @NYPDDetectives @NYPDShea @News12BK https://t.co/v3ft845MMD
1329189601127358467
ğŸš¨WANTEDğŸš¨for a BURGLARY #bedstuy #Brooklyn @NYPD79Pct in the vicinity of Monroe Street and Nostrand Ave on 11/11/20 @ 7:05 AMğŸ’°Reward up to $2500ğŸ•¶Seen him? Know who he is?â˜ï¸Call 1-800-577-TIPS or DM us! ğŸ“Calls are CONFIDENTIAL! #yourcityYourcall @NYPDShea @NYPDDetectives https://t.co/z21eqXtCle
1329185979001937921
ğŸš¨WANTEDğŸš¨for an ASSAULT #Brooklyn @NYPD78Pct @ the Atlantic Ave and Barclays CenterğŸš‚ station on 11/13/20 @ 12:18 PMğŸ’°Reward up to $2500ğŸ•¶Seen them? Know who they are? â˜ï¸Call 1-800-577-TIPS or DM us! ğŸ“Calls are CONFIDENTIAL! #yourcityYourcall @NYPDShea @NYPDDetectives https://t.co/VGyScyBFOl
1329183881451409411
ğŸš¨WANTEDğŸš¨ for an Assault (Shooting) of a 13 year old female  in vicinity of Seward Ave and Noble Ave. #Soundview #Bronx  @NYPD43Pct on 11/11/20 @ 2 PM ğŸ’°Reward up to $2500ğŸ‘“Seen him? Know who he is? â˜ï¸Call 1-800-577-TIPS or DM us!ğŸ“Calls are CONFIDENTIAL! #yourcityyourcall @NY1 https://t.co/eHvhva693A
1329006165120966658
ğŸš¨Lamont Tate M/B 39 is WANTEDğŸš¨for a Sexual Assault Robbery ON the N/W C/O Edgecombe Ave. and 165th Street #HighBridgePark #Manhattan on 6/4/202 at 3:15 PM ğŸ’°Reward up to $2500ğŸ‘“Seen him? Know where heis?â˜ï¸Call 1-800-577-TIPS or DM us!ğŸ“Calls are CONFIDENTIAL! #yourcityYourcall https://t.co/9CbaKOI1vU
1328892904954343425
ğŸš¨WANTEDğŸš¨for ROBBERY #Inwood #Manhattan @NYPD34PCT @NYPDTD3 @ W 207 St &amp; Bway â€œAâ€ train on 10/28/20 @ 8:40 PMğŸ’°Reward up to $2500ğŸ•¶Seen him? Know who he is?â˜ï¸Call 1-800-577-TIPS or DM us! ğŸ“Calls are CONFIDENTIAL! #yourcityYourcall @NYPDDetectives @NYPDShea @NYPDFIRSTDEP https://t.co/MHWhZNA5va
1328852778094039050
ğŸš¨WANTEDğŸš¨for Pattern ROBBERY #Midtown #Manhattan @NYPDMTN @ 517 W45 St on 10/18/20 @ 6:33PM &amp; W57 St- 8 &amp; 9th Ave on 10/19/20 @ 2:50 &amp; 3:15AMğŸ’°Reward up to $2500ğŸ•¶Seen him? Know who he is?â˜ï¸Call 1-800-577-TIPS or DM us!ğŸ“Calls are CONFIDENTIAL! #YourcityYourcall @NYPDDetectives https://t.co/08QhohuCz1
1328849391898259456
ğŸš¨WANTEDğŸš¨for an ASSAULT/STABBING on Sunday 9/20/20 @ 7PM inside of  the Jay St Borough HallğŸš‚station, on the "A" line #DowntownBrooklyn @NYPD84Pct ğŸ’°Reward up to $2500Seen them? Know they are?ğŸ“²Call 1-800-577-TIPS !ğŸ“Calls are CONFIDENTIAL! #YourCityYourCall https://t.co/EQoDCFyl0o
1328415266984878085
ğŸš¨WANTEDğŸš¨for ASSAULT On Saturday 11/14/20 @ 6:20 AM inside Prospect Ave subway station â€œNâ€ line
 #Brooklyn @NYPD72PctğŸ‘“Seen this person? Know who this is?â˜ï¸Call 1-800-577-TIPS. It is ANONYMOUS and you can receive a REWARD of up to $2500! #YourCityYourCall @NYPDDetectives https://t.co/cJTDjgeDkq
1328210759692800001
ğŸš¨WANTEDğŸš¨ for A ROBBERY in the vicinity of 87-10 39 St #Queens @NYPD107Pct on 11/14/20 @ 5:20 AM ğŸ’°Reward up to $2500ğŸ‘“Seen this person? Know who this is?â˜ï¸Call 1-800-577-TIPS or DM us!ğŸ“Calls are CONFIDENTIAL! @NYPDDetectives @NYPDShea @NYPDChiefofDept @QueensDAKatz https://t.co/fwsYVZ1htT
1328114941325438979
ï¿¼WANTEDï¿¼ for A Burglary in the vicinity of 8th Ave. and 12th Street #WestVillage #Manhattan @NYPD6Pct on 11/12/20 @ 9:00 AM ï¿¼Reward up to $2500ï¿¼Seen him? Know who he is?ï¿¼Call 1-800-577-TIPS or DM us!ï¿¼Calls are CONFIDENTIAL!@NYPDDetectives https://t.co/ck2TLxrMdC
1328084116504449026
ğŸš¨WANTEDğŸš¨ for an ASSAULT @ 494 8th Ave #Midtownsouth #Manhattan on 11/14/20 @ 1:15 PM ğŸ’°Reward up to $2500ğŸ‘“Seen him? Know who he is? â˜ï¸Call 1-800-577-TIPS or DM us!ğŸ“Calls are CONFIDENTIAL! #yourcityyourcall @NYPDDetectives @NYPDShea @NYPDChiefPatrol @NYPDChiefofDept https://t.co/Ok7TavuLy9
1327826200950165506
ğŸš¨WANTEDğŸš¨ for a ROBBERY @ 3220 Westchester Ave #Pelhambay #Bronx @NYPD45Pct on 11/10/20 @ 9:25 PM ğŸ’°Reward up to $2500ğŸ‘“Seen him? Know who he is? â˜ï¸Call 1-800-577-TIPS or DM us!ğŸ“Calls are CONFIDENTIAL! #yourcityyourcall @NYPDDetectives @NYPDShea @BronxDAClark @News12BX https://t.co/Bbqhhxyl7J
1327825073944793092
ğŸš¨WANTEDğŸš¨ for a ATTEMPTED ROBBERY inside 1240 Union Avenue #Morrisania #Bronx @NYPD42Pct on 11/13/20 @ 8:30 PM ğŸ’°Reward up to $2500ğŸ‘“Seen him? Know who he is?â˜ï¸Call 1-800-577-TIPS or DM us!ğŸ“Calls are CONFIDENTIAL! #yourcityyourcall @NYPDDetectives @NYPDShea @NYPDChiefPatrol https://t.co/KuFbh5UgqJ
1327783535034380288
ğŸš¨WANTEDğŸš¨ for FORCIBLE TOUCHING @ the Metropolitan Ave &amp; Lorimer Street ğŸš‚ station #Williamsburg #Brooklyn on 11/5/20 @ 7:50PM ğŸ’°Reward up to $2500ğŸ‘“Seen him? Know who he is? â˜ï¸Call 1-800-577-TIPS or DM us!ğŸ“Calls are CONFIDENTIAL! #yourcityyourcall @NYPDShea @NYPDDetectives https://t.co/LqWwc7X6no
1327783135283646464
ğŸš¨WANTEDğŸš¨ for a ROBBERY in front of 90 Lafayette Street #Manhattan @NYPD5Pct on 11/13/20 @ 11:30 AM ğŸ’°Reward up to $2500ğŸ‘“Seen them? Know who they are?â˜ï¸Call 1-800-577-TIPS or DM us!ğŸ“Calls are CONFIDENTIAL! #yourcityyourcall @NYPDDetectives @NYPDShea @NYPDChiefPatrol https://t.co/fpFliV4L7F
1327761530520211457
This subject has been apprehended.
1327582849915088897
This subject has been apprehended.
1327582721791696897
RT @NYPDDetectives: Yesterday, in the span of three and half hours, Makijah Lino allegedly attempted to rape two women and sexually assaultâ€¦
1327582518137278465
ï¿¼WANTEDï¿¼ for A BURGLARY in the vicinity of Willoughby Avenue and Onderdonk Avenue. #queens@NYPD104pct on 11/6/20 @ 4:00 PM ï¿¼Reward up to $2500ï¿¼Seen him? Know who he is ?ï¿¼Call 1-800-577-TIPS or DM us!ï¿¼Calls are CONFIDENTIAL! https://t.co/vj26TS7wil
1327554625319428097
ğŸš¨WANTEDğŸš¨for a BURGLARY @ 192-09 Union Turnpike on 10/30/20 @ 5:13 AM ğŸ’°Reward up to $2500ğŸ‘“Seen him? Know who he is?â˜ï¸Call 1-800-577-TIPS or DM us!ğŸ“Calls are CONFIDENTIAL! #yourcityYourcall @NYPDShea @NYPDDetectives @NYPDCommAffairs @NYPDChiefPatrol @NYPDChiefofDept https://t.co/H7nQ6ABSJn
1327378302735179776
#HappeningNow: Detectives from @NYPDTips are posting and canvassing in the vicinity of #ForestPark, Queens. @NYPDSVU Detectives need your help in identifying and locating the subject pictured for three incidents of ATTEMPTED RAPE. Call us, itâ€™s 100% anonymous! 1-800-577-TIPS. https://t.co/mcY5jGhjTE
1327273957519712257
ğŸš¨WANTEDğŸš¨for an Attempted Robbery inside of a deli located at 1501 White Plains Road #castlehill #bronx On 10/19/20 @ 5:00 AMğŸ’°Reward up to $2500ğŸ‘“Seen him? Know who he is?â˜ï¸Call 1-800-577-TIPS or DM us!ğŸ“Calls are CONFIDENTIAL! #yourcityyourcall https://t.co/WiXWgiqYj6
1327122207433236480
ğŸš¨WANTEDğŸš¨for Attempted RAPE Pattern #Queens @NYPD102PCT @ 104 St, 84 Ave, &amp; Woodhaven Blvd.. THREE incidents on 11/12/20 between 10:40 AM &amp; 1:05 PMğŸ’°Reward up to $2500ğŸ‘“Seen him? Know who he is?â˜ï¸Call 1-800-577-TIPS or DM us!ğŸ“Calls are CONFIDENTIAL! #yourcityYourcall https://t.co/P1RjunRokU
1327115786939457536
ğŸš¨WANTEDğŸš¨for ASSAULT #EastBronx #Bronx @NYPD47PCT @ Burke Ave &amp; White Plains RD on 8/3/20 @ 5:20 AMğŸ’°Reward up to $2500ğŸ‘“Seen him? Know who he is?â˜ï¸Call 1-800-577-TIPS or DM us!ğŸ“Calls are CONFIDENTIAL! #yourcityYourcall https://t.co/9o8YtAjdTV
1327112651357515777
ğŸš¨WANTEDğŸš¨for PUBLIC LEWDNESS #Manhattan @NYPD6PCT @NYPDTD2 @ West 4 St &amp; Washington Square B train on 11/6/20 @ 7:15 PMğŸ’°Reward up to $2500ğŸ‘“Seen him? Know who he is?â˜ï¸Call 1-800-577-TIPS or DM us!ğŸ“Calls are CONFIDENTIAL! #yourcityYourcall https://t.co/zzeLk7bP6k
1327111375647281152
ğŸš¨WANTEDğŸš¨for CRIMINAL SEX ACT #Foxhurst Â #Bronx @NYPD41PCT @ 1149 Tiffany St on 11/8/20 @ 3:00 PMğŸ’°Reward up to $2500ğŸ•¶Seen him? Know who he is?â˜ï¸Call 1-800-577-TIPS or DM us!ğŸ“Calls are CONFIDENTIAL! #yourcityYourcall https://t.co/R41b8QroVC
1327110299682533376
ğŸš¨WANTEDğŸš¨for PUBLIC LEWDNESS #SheepsheadBay #Brooklyn @NYPD61PCT 1237 Avenue U on 11/11/20 @ 2:40 PMğŸ’°Reward up to $2500ğŸ‘“Seen him? Know who he is?â˜ï¸Call 1-800-577-TIPS or DM us!ğŸ“Calls are CONFIDENTIAL! #yourcityYourcall @NYPDDetectives @NYPDShea @NYPDFIRSTDEP @NYPDChiefofDept https://t.co/NlP7uKc0AG
1327108852261720066
ğŸš¨WANTEDğŸš¨for ROBBERY #Soundview #Bronx @NYPD43PCT @ 1652 Bruckner Â Blvd on 10/30/20 @ 4:52 PM ğŸ’°Reward up to $2500ğŸ‘“Seen him? Know who he is?â˜ï¸Call 1-800-577-TIPS or DM us!ğŸ“Calls are CONFIDENTIAL! #yourcityYourcall https://t.co/t0WUwMNsKD
1327106962677526534
ğŸš¨WANTEDğŸš¨for ASSAULT #HuntsPoint #Bronx @NYPD41PCT @ 1241 Viele Ave on 8/9/20 @ 4:54 AMğŸ’°Reward up to $2500ğŸ‘“Seen them? Know who they are?â˜ï¸Call 1-800-577-TIPS or DM us!ğŸ“Calls are CONFIDENTIAL! #yourcityYourcall https://t.co/2GKhNtLAKu
1327046146473201664
ğŸš¨WANTEDğŸš¨for BURGLARY #GreenwichVillage #Manhattan @NYPD6PCT @ 55 Greenwich Ave 11/4/20 @ 3:45 AMğŸ’°Reward up to $2500ğŸ‘“Seen him? Know who this is?â˜ï¸Call 1-800-577-TIPS or DM us!ğŸ“Calls are CONFIDENTIAL! #yourcityYourcall @NYPDDetectives @NYPDShea @NYPDFIRSTDEP @NYPDChiefofDept https://t.co/JV67IKhh4C
1326999984991068163
ğŸš¨WANTEDğŸš¨for A BURGLARY inside of 79 Clinton Street #LOWEREASTSIDE #MANHATTAN @NYPD7Pct on 10/24/2020 at 5:30 AM ğŸ’°Reward up to $2500ğŸ‘“Seen him? Know who he is ?â˜ï¸Call 1-800-577-TIPS or DM us!ğŸ“Calls are CONFIDENTIAL! #YourCityYourCall @NYPDShea @NYPDDetectives https://t.co/hmmpoYDbcY
1326974483991814144
ğŸš¨WANTEDğŸš¨ for A ROBBERY in the rear of 45 Rutgers Street (LaGuardia Houses) #LOWEREASTSIDE #MANHATTAN @NYPD7Pct on 11/10/2020 at 7:00 AM.ğŸ’°Reward up to $2500ğŸ‘“Seen him?Know who he is?â˜ï¸Call 1-800-577-TIPS or DM us!ğŸ“Calls are CONFIDENTIAL! #YourCityYourCall @NYPDDetectives https://t.co/MUiKXHvAEV
1326970803037097990
WANTED for A Reckless Endangerment in the Brooke Ave. ğŸš‚ station on the N/B â€œ6â€ line. #Motthaven #Bronx @NYPD40Pct  on 11/1/20 @ 3:45 PM Reward up to $2500 Seen HIM ? Know who he is ?Call 1-800-577-TIPS or DM us!Calls are CONFIDENTIAL! https://t.co/AIYu7XpoZy
1326714759144730625
ğŸš¨WANTEDğŸš¨for a Knife Point Robbery opposite 40-07 12St.  #Astoria #Queens on 10/29/20 @ 11:45 PMğŸ’°Reward up to $2500ğŸ‘€Seen them? Know who they are?â˜ï¸Call 1-800-577-TIPS or DM us!ğŸ“Calls are CONFIDENTIAL! #yourcityyourcall https://t.co/GGP3jb1nDA
1326712374288650240
ğŸš¨WANTEDğŸš¨for ROBBERY #LowerEastSide #Manhattan @NYPD5PCT @ Henry &amp; Pike St on 11/3/20 @ 6:55 PMğŸ’°Reward up to $2500ğŸ‘“Seen them? Know who they are?â˜ï¸Call 1-800-577-TIPS or DM us!ğŸ“Calls are CONFIDENTIAL! #yourcityYourcall @NYPDDetectives @NYPDShea @NYPDFIRSTDEP @NYPDChiefofDept https://t.co/Jw8wpPQoeJ
1326629341061656588
ğŸš¨WANTED for a Homicide at the C/O Ralph Ave. And Lincoln Pl. #CrownHeights @NYPD77Pct  #Brooklyn on 11/8/20 at 7:23 PMğŸ‘“Seen him? Know who he is?â˜ï¸Call us 1-800-577-TIPS It is ANONYMOUS you can receive a REWARD of up to $2500! #YourCityYourCall @NYPDDetectives @NYPDShea https://t.co/DDqhL3ddVG
1326347930572378115
ğŸš¨WANTEDğŸš¨for a Burglary inside of 550 3rd Ave #Midtown  #Manhattan @NYPD17Pct  on  11/04/20 @ 11:40 PMğŸ’°Reward up to $2500ğŸ‘“Seen him? Know who he isâ˜ï¸Call 1-800-577-TIPS !ğŸ“²Calls are CONFIDENTIAL! #YourCityYourCall https://t.co/RyPNJrvLR6
1326325289195081730
WANTED for A ROBBERY inside 2660 3rd Ave. (Texas Chicken and Burgers) #MottHaven #Bronx on 10/31/20 @ 1:20 AM Reward up to $2500 See Him? Know who he is?Call 1-800-577-TIPS or DM us!Calls are CONFIDENTIAL! https://t.co/IuBNITivv2
1326322854749745152
WANTED for A ROBBERY Home Invasion in the vicinity of Cypress Ave. and Eastâ€™s 138 St. #MottHaven #Bronx Â @NYPD40Pct  on 10/25/20 @ 10:20 AM Reward up to $2500 See them? Know who they are?Call 1-800-577-TIPS or DM us!Calls are CONFIDENTIAL! @NYPDShea @NYPDShea @NYPDFIRSTDEP @NY1 https://t.co/Mu5XhpXjPG
1326320158948945926
ğŸš¨WANTEDğŸš¨for an ASSAULT of a on duty traffic agent in front of 625 Madison  #Manhattan @NYPDMTN on  11/05/20 @ 1:50 PMğŸ’°Reward up to $2500ğŸ‘“Seen him? Know who he isâ˜ï¸Call 1-800-577-TIPS !ğŸ“²Calls are CONFIDENTIAL! #YourCityYourCall @NYPDDetectives @NYPDShea https://t.co/DKgqLzX5TE
1326111828477440000
ğŸš¨WANTEDğŸš¨for ROBBERY on 10/22/20 @ 8:30 PM inside of 1293 Blake ave.  @NYPD75Pct #BrooklynğŸ‘“Seen these people? Know who they are?â˜ï¸Call us 1-800-577-TIPS It is ANONYMOUS you can receive a REWARD of up to $2500! #YourCityYourCall @NYPDDetectives @BrooklynDA @NYPDShea https://t.co/Gy71ZNPRuk
1326108262006185984
ğŸš¨WANTEDğŸš¨for a ROBBERY #statenisland @NYPD120Pct  @ 488 Jersey Street  on 09/02/20 @ 6:30 PMğŸ’°Reward up to $2500ğŸ‘€Seen them? Know who they are?â˜ï¸Call 1-800-577-TIPS or DM us!ğŸ“Calls are CONFIDENTIAL! #yourcityYourcall @NYPDDetectives @NYPDShea https://t.co/mld7Dn1Y0p
1326105340614746114
ğŸš¨WANTEDğŸš¨for a ROBBERY #Astoria #Queens @NYPD114PCT @ Astoria Boulevard &amp; 22nd Street on 10/03/20 @ 12:30 AMğŸ’°Reward up to $2500ğŸ‘€Seen them? Know who they are?â˜ï¸Call 1-800-577-TIPS or DM us!ğŸ“Calls are CONFIDENTIAL! #yourcityYourcall @NYPDDetectives @NYPDShea https://t.co/avzon1aVur
1326103126097661952
ğŸš¨WANTEDğŸš¨for a FORCIBLE TOUCHING #Williamsbridge #Bronx @NYPD47PCT @ Wilson Ave &amp; Hicks St on 10/20/20 @ 11:45 AMğŸ’°Reward up to $2500ğŸ‘€Seen him? Know who this is?â˜ï¸Call 1-800-577-TIPS or DM us!ğŸ“Calls are CONFIDENTIAL! #yourcityYourcall @NYPDDetectives @NYPDShea @NYPDFIRSTDEP https://t.co/nkKbSsOdvS
1325905507345977345
ï¿¼WANTEDï¿¼for an Assault in front of 96 West Houston Street #greenwichvillage #manhattan On 11/07/20 @ 12:10 PMï¿¼Reward up to $2500ï¿¼Seen him? Know who he is?ï¿¼Call 1-800-577-TIPS or DM us!ï¿¼Calls are CONFIDENTIAL! #YourCityYourCall https://t.co/dttzNJcFWk
1325691729471807489
ğŸš¨WANTEDğŸš¨for a GUN POINT/ROBBERY on Saturday 10/24/20 @ 9PM in the vicinity of Liberty Ave and 128th St #southozonepark #Queens @NYPD106Pct ğŸ’°Reward up to $2500ğŸ‘“Seen him? Know who he is?â˜ï¸Call 1-800-577-TIPS !ğŸ“Calls are CONFIDENTIAL! #YourCityYourCall https://t.co/ZyD4aXyJkY
1325521160650547205
ï¿¼WANTEDï¿¼ for A ROBBERY in the vicinity of Beck Street and Longwood Avenue . Â #Bronx Â @NYPD41pct on 11/7/20 @ 2:24 AM ï¿¼Reward up to $2500ï¿¼Seen HIM ? Know who HE IS ?ï¿¼Call 1-800-577-TIPS or DM us!ï¿¼Calls are CONFIDENTIAL! https://t.co/iOcafq05Yd
1325315026677358597
ğŸš¨WANTEDğŸš¨for a ROBBERY on the corner of Monroe Ave &amp; East 173 Street #Claremont #Bronx @NYPD44Pct on Sunday 11/01/20 @ 2:23 AMğŸ’°Reward up to $2500ğŸ‘“Seen them? Know who they are?â˜ï¸Call 1-800-577-TIPS !ğŸ“²Calls are CONFIDENTIAL! #YourCityYourCall @NYPDShea @NYPDDetectives @News12BX https://t.co/guBWps0T4N
1325184046155124736
ğŸš¨WANTEDğŸš¨for a ROBBERY on the corner of Fulton Street &amp; Franklin Ave  #Brooklyn on Sunday 9/11/20 @ 4:01 PMğŸ’°Reward up to $2500ğŸ‘“Seen them? Know who they are?â˜ï¸Call 1-800-577-TIPS !ğŸ“²Calls are CONFIDENTIAL! #YourCityYourCall @NYPDShea @NYPDDetectives @NYPDChiefPatrol @News12BX https://t.co/QfJ6Hy4Q98
1324853147068674048
ğŸš¨WANTEDğŸš¨for A Robbery from a 69 Year old Male in front of 111 East 23rd Street #GramercyPark #Manhattan On 11/05/20 at 2 PM ğŸ’°Reward up to $2500ğŸ‘€ Seen him? Know who he is?ğŸ“Call 1-800-577-TIPS orğŸ“²DM us!â˜ï¸Calls are CONFIDENTIAL! @YourCityYourCall https://t.co/jxe0LV04Pb
1324550199734345733
ğŸš¨WANTEDğŸš¨for a Robbery inside of 34 West Burnside Avenue #WestBronx #Bronx @NYPD46Pct #NYPD on 11/4/20 @ 10:37 AMğŸ’°Reward up to $2500ğŸ‘“Seen him? Know who this is?â˜ï¸Call 1-800-577-TIPS or DM us!ğŸ“Calls are CONFIDENTIAL! #yourcityYourcall @NYPDDetectives @NYPDShea @NYPDFIRSTDEP https://t.co/WxcGRYrzix
1324532869138653184
ğŸš¨WANTEDğŸš¨for A GRAND LARCENY inside of 1620 Westchester Avenue #Soundview #Bronx @NYPD43Pct on 02/04/2020 at 12:10 PMğŸ’°Reward up to $2500ğŸ‘“Seen him? Know who he is ?â˜ï¸Call 1-800-577-TIPS or DM us!ğŸ“Calls are CONFIDENTIAL! #yourcityYourcall @NYPDShea @NYPDDetectives https://t.co/I7w53nYXsi
1324503833763024899
ğŸš¨WANTEDï¿¼ğŸš¨for a ROBBERY in front of 30 Maujer St #Williamsburg #Brooklyn @NYPD90Pct on Monday 11/2/20 @ 2:30AMï¿¼ğŸ’°Reward up to $2500ï¿¼ğŸ‘“Seen them? Know who they are?ï¿¼ğŸ“Call 1-800-577-TIPS !ï¿¼ğŸ“²Calls are CONFIDENTIAL! #YourCityYourCall @NYPDDetectives @NYPDShea @NYPDCommAffairs https://t.co/oSTQNMbL6T
1324360439837446146
Take a closer lğŸ‘€k. https://t.co/iaMwtxweMh
1324299979016593409
ğŸš¨WANTEDï¿¼ğŸš¨for a vicious ASSAULT of a 79 year old man in front of 46 Hoyt St #Brooklyn @NYPD84Pct on Sunday 9/13/20 @ 8:54PMğŸ’°Reward up to $2500ï¿¼ğŸ‘“Seen him? Know who he isâ˜ï¸Call 1-800-577-TIPS !ï¿¼ğŸ“²Calls are CONFIDENTIAL! #YourCityYourCall @NYPDDetectives @NYPDShea @News12BK https://t.co/gaytWdYDxU
1324299974188933121
ğŸš¨WANTED for a Menacing Hate Crime, on 10/25/20 @ 7:30 AM on the N/B â€œNâ€ ğŸš‚ platform at Canal Street Station #LowerManhattan ğŸ‘“ Seen him? Know who he is?â˜ï¸Call 1-800-577-TIPS. It is ANONYMOUS you can receive ağŸ’°REWARD of up to $2500! #YourCityYourCall https://t.co/2uL2BN7Amj
1323806381313609728
ğŸš¨WANTED for ASSAULT: On Sunday 11/1 at 1:15 AM inside 214 Utica Ave. @NYPD77Pct #Brooklyn ğŸ‘€Recognize him? Call 800-577-TIPS. Itâ€™s anonymous and thereâ€™s a REWARD of up to $2,500! #YourCityYourCall https://t.co/5MIpEyYcea
1323795017291489280
ğŸš¨WANTEDğŸš¨for FORCIBLE TOUCHING August 17, 2020 at 5:05 PMÂ at a bus stop118-11 Queens Blvd. Queens.ğŸ’°Reward up to $2500ğŸ‘€Seen him? Know who he is?ğŸ“Call 1-800-577-TIPS orğŸ“²DM us!â˜ï¸Calls are CONFIDENTIAL! @YourCityYourCall @NYPDDetectives @NYPDQueensSouth @QueensDAKatz https://t.co/QqcXqrkvwY
1323486906231984128
ğŸš¨WANTEDğŸš¨for Robbery October 20, 2020 at 8:13 PM, in front of 334 Utica Ave. Reward up to $2500ğŸ‘€Seen them?Know who they are?ğŸ“Call 1-800-577-TIPS orğŸ“²DM us!â˜ï¸Calls are CONFIDENTIAL! @YourCityYourCall @NYPDDetectives @nypdshea @nypdchiefofpatrol @nypdcab @brooklyndaoffice https://t.co/pqAd58f9Z3
1323486121280634882
ğŸš¨WANTEDğŸš¨for ASSAULT October 31, 2020 at 7:00 PM, in front of 130 Lenox Ave Manhattan.ğŸ’°Reward up to $2500ğŸ‘€Seen him? Know who he is?ğŸ“Call 1-800-577-TIPS orğŸ“²DM us!â˜ï¸Calls are CONFIDENTIAL! @YourCityYourCall @NYPDDetectives @nypdshea @nypdchiefofpatrol @nypdcab @manhattanda https://t.co/mV0u2DGZmA
1323485449000800259
ğŸš¨WANTEDğŸš¨ASSAULT #SheepsheadBay #Brooklyn @NYPD61PCT @ E 13 &amp; Avenue T on 10/14/20 @ 3:10 PM ğŸ’°Reward up to $2500ğŸ‘“Seen him? Know who this is?â˜ï¸Call 1-800-577-TIPS or DM us!ğŸ“Calls are CONFIDENTIAL! #yourcityYourcall @NYPDDetectives @NYPDShea @NYPDFIRSTDEP @NYPDChiefofDept https://t.co/fJIg9aw7gG
1323376111686922241
ğŸš¨WANTEDğŸš¨for an Attempted ROBBERY #Norwood #Bronx @NYPD52PCT @NYPDTD11 @ Woodlawn train station â€œ4â€ line on 10/28/20 @ 10:10 AMğŸ’°Reward up to $2500ğŸ‘“Seen him? Know who this is?â˜ï¸Call 1-800-577-TIPS or DM us!ğŸ“Calls are CONFIDENTIAL! #yourcityYourcall @NYPDDetectives @NYPDShea https://t.co/ceki1bCDwi
1323372556150280194
ğŸš¨WANTEDğŸš¨for ROBBERY #OzonePark #Queens @NYPD106PCT @ Glenmore Ave and 79 St on 10/23/20 @ 12:00 PMğŸ’°Reward up to $2500ğŸ‘“Seen him? Know who he is?â˜ï¸Call 1-800-577-TIPS or DM us!ğŸ“Calls are CONFIDENTIAL! #yourcityYourcall @NYPDDetectives @NYPDShea @NYPDFIRSTDEP @NYPDChiefofDept https://t.co/twkZtDZJof
1323108607064526850
ï¿¼ğŸš¨WANTED for a FORCIBLE TOUCHING a 15 year old girlğŸš¨Monday, 10/19/20@ 3PM at the 20 Avenue ğŸš‚Station, ("N" Line)#Bensonhurst #Brooklyn @NYPD62PctğŸ‘“ ï¿¼Seen him? Know who he is?ï¿¼â˜ï¸Call 1-800-577-TIPS. It is ANONYMOUS you can receive aï¿¼ğŸ’°REWARD of up to $2500! #YourCityYourCall https://t.co/D9vwP85ohP
1322988186298142721
ï¿¼ğŸš¨WANTEDï¿¼ğŸš¨for a ROBBERY in front of 279 West 117th St #Harlem #Manhattan @NYPD28Pct on Tuesday 9/8/20 @ 3PM ï¿¼ğŸ’°Reward up to $2500ï¿¼ğŸ‘“Seen them? Know who they are?ï¿¼â˜ï¸Call 1-800-577-TIPS !ï¿¼ğŸ“²Calls are CONFIDENTIAL! #YourCityYourCall @NYPDDetectives @NYPDShea @ABC7NY 
Â @NY1 https://t.co/6uLOUEeYhy
1322979389303345152
ğŸš¨WANTEDğŸš¨for SHOOTING a 8 year old girl in front of 130 Lenox Avenue #harlem #manhattan @NYPD28Pct on 10/31/20 @ 7PM Reward up toğŸ’°$2500ğŸ‘€Seen them? ğŸ‘“Know where they are?â˜ï¸Call 1-800-577-TIPSğŸ“²Calls are CONFIDENTIAL! #YourCityYourCall https://t.co/b6yaz8htap
1322972646296838144
ğŸ‘€TAKE A CLOSER LOOK! https://t.co/tJ1AefZr6G
1322968937437560839
ï¿¼WANTEDï¿¼ for AN ATTEMPTED ROBBERY in the vicinity of 389 East 151 Street . Â #Bronx Â @NYPD40pct on 10/16/20 @ 1:25 PM ï¿¼Reward up to $2500ï¿¼Seen HIM? Know who HE IS ?ï¿¼Call 1-800-577-TIPS or DM us!ï¿¼Calls are CONFIDENTIAL! https://t.co/hGtiJDrePc
1322808687585595393
ğŸš¨WANTEDğŸš¨for An Assault  #EastBronx #Bronx @NYPD47PCT in front of 4125 White plains road on 10/24 @ 8:20 PMğŸ’°Reward up to $2500ğŸ•¶Seen them? Know who they are? â˜ï¸Call 1-800-577-TIPS or DM us!ğŸ“Calls are CONFIDENTIAL! https://t.co/ANpPccnzRt
1322444836704800768
ğŸš¨WANTEDğŸš¨for an ASSAULT ON POLICE OFFICER in the vicinity of Smith Street&amp;Atlantic Ave  #Boerumhill #Brooklyn @NYPD84Pct on 10/27/20 @ 9:50PMğŸ’°Reward up to $2500ğŸ•¶ Seen this vehicle? Know who it belongs to? â˜ï¸Call 1-800-577-TIPSorDM us!ğŸ“Calls are CONFIDENTIAL! #YourCityYourCall https://t.co/rbfuYr5SnN
1322299601534308353
ğŸš¨WANTEDğŸš¨for a GRAND LARCENY in the vicinity of Castle Hill Ave and Randall Ave #CastleHill #Bronx @NYPD43Pct on 10/27/20 @ 9:10 AMğŸ’°Reward up to $2500ğŸ•¶ Seen him?Know who he is?â˜ï¸Call 1-800-577-TIPS or DM us!ğŸ“Calls are CONFIDENTIAL! #YourCityYourCall @NYPDDetectives @NYPDShea https://t.co/kUjX0TY0QT
1322286857896546305
ğŸš¨WANTEDğŸš¨for a ROBBERY at the corner of Prospect Ave and Home Street #Morrisania #Bronx @NYPD42Pct on 10/17/20 @ 7:30 AM ğŸ’°Reward up to $2500ğŸ•¶ Seen him? Know who he is ? â˜ï¸Call 1-800-577-TIPS or DM us!ğŸ“Calls are CONFIDENTIAL! #YourCityYourCall @NYPDDetectives @NYPDShea https://t.co/himuknirB8
1322274717328355328
ğŸš¨WANTEDğŸš¨for an ASSAULT in front of 461 46th St #Sunsetpark #Brooklyn @NYPD78Pct on 10/27/20 @ 4:20 PM ğŸ’°Reward up to $2500ğŸ•¶ Seen them?Know who they are? â˜ï¸Call 1-800-577-TIPS or DM us!ğŸ“Calls are CONFIDENTIAL! #YourCityYourCall @NYPDDetectives @NYPDShea @BrooklynDA @News12BK https://t.co/XR4LClU1fy
1322273208012333056
ğŸš¨WANTEDğŸš¨for An Assault onboard the Manhattan Bound EğŸš‚ approaching the 74th Street-Roosevelt ğŸš‚ Station #Manhattan on 10/18/20 at 1:40 PMğŸ’°Reward up to $2500ğŸ‘“Seen this person? Know who this person is ?â˜ï¸Call 1-800-577-TIPS or DM us!ğŸ“Calls are CONFIDENTIAL! #YourCityYourCall https://t.co/RTor1k0yOF
1322022103688847360
ğŸš¨WANTEDğŸš¨for A ROBBERY @ the Joralemon St &amp; Court St ğŸš‚ station #Downtownbklyn  #Brooklyn on 10/18/20 at 1:40 PMğŸ’°Reward up to $2500ğŸ‘“Seen this person? Know who this person is ?â˜ï¸Call 1-800-577-TIPS or DM us!ğŸ“Calls are CONFIDENTIAL! #YourCityYourCall @NYPDShea @NYPDDetectives https://t.co/R6OtAQTcgO
1321971734896136192
ğŸš¨WANTEDğŸš¨for a ROBBERY PATTERN  #Brooklyn @ the Bergen Street, Union Street,and 7th Ave ğŸš‚ Station on 10/19/20-10/27/20@ 12PM-1:48PMğŸ’°Reward up to $2500ğŸ•¶Seen him?Know who this is?â˜ï¸Call 1-800-577-TIPS orDM us!ğŸ“Calls are CONFIDENTIAL! #yourcityYourcall @NYPDShea @NYPDDetectives https://t.co/pEmMgSGAUm
1321967713699454976
ğŸš¨WANTEDğŸš¨for AN ASSAULT in front of 393 WEST 49th STREET #HELLSKITCHEN #MANHATTAN @NYPD18pct on 10/26/2020 at 2:00 AM. Victim is 78 years of ageğŸ’°Reward up to $2500ğŸ‘“Seen this person? Know who this person is ?â˜ï¸Call 1-800-577-TIPS or DM us!ğŸ“Calls are CONFIDENTIAL! @NYPDShea https://t.co/cA55z12NF5
1321938322562842624
ğŸš¨WANTEDğŸš¨for A CRIMINAL MISCHIEF within the confines of @NYPD90Pct Precinct #WILLIAMSBURG #BROOKLYN on multiple dates  10/02/2020 and on 10/05/2020ğŸ’°Reward up to $2500ğŸ‘“Seen this person? Know who this person is ?â˜ï¸Call 1-800-577-TIPS or DM us!ğŸ“Calls are CONFIDENTIAL!@NYPDShea https://t.co/iEvXFZvEfI
1321922393946902528
ğŸš¨WANTEDğŸš¨wanted for an assault in front of 960  Tinton Avenue . #Bronx @NYPD42pct  on 10/15/2020 at 5:30 PM ğŸ’°Reward up to $2500ğŸ‘“Seen him? Know who he is ?â˜ï¸Call 1-800-577-TIPS or DM us!ğŸ“Calls are CONFIDENTIAL! #YourCityYourCall @NYPDDetectives @NYPDShea https://t.co/mvBqiXnbIT
1321762762620588037
ğŸš¨WANTEDğŸš¨in connection to a Homicide vicinity of 1195 Sherman Avenue. #bronx @NYPD44pct  on 2/8/2017 at 9:10 PM ğŸ’°Reward up to $2500ğŸ‘“Seen him? Know who he is ?â˜ï¸Call 1-800-577-TIPS or DM us!ğŸ“Calls are CONFIDENTIAL! #YourCityYourCall @NYPDDetectives @NYPDShea https://t.co/wIZR1XUod7
1321705739711373312
ğŸš¨WANTEDğŸš¨for A ROBBERY inside of  83-09 37th STREET #JACKSONHEIGHTS #QUEENS  @NYPD115Pct on 10/26/2020 at 1:10 AM ğŸ’°Reward up to $2500ğŸ‘“Seen them? Know who they are ?â˜ï¸Call 1-800-577-TIPS or DM us!ğŸ“Calls are CONFIDENTIAL! #YourCityYourCall @NYPDDetectives @NYPDShea https://t.co/RICg3wflXX
1321654045489192961
ğŸš¨WANTEDğŸš¨for A ROBBERY inside of 3101 WESTCHESTER AVENUE  #PELHAMBAY #BRONX  @NYPD45Pct on 10/26/2020 at 9:15 PM ğŸ’°Reward up to $2500ğŸ‘“Seen this person?Know who this person is ?â˜ï¸Call 1-800-577-TIPS or DM us!ğŸ“Calls are CONFIDENTIAL! #YourCityYourCall
@NYPDShea @NYPDDetectives https://t.co/uxCbMTrZzq
1321544763812810753
ğŸš¨WANTEDğŸš¨for A ROBBERY opposite of 564 GRANT AVENUE #CYPRESSHILLS #BROOKLYN  @NYPD75Pct on 10/15/2020 at 10:22 PM. Victim is 72 years of age ğŸ’°Reward up to $2500ğŸ‘“Seen him? Know who he is ?â˜ï¸Call 1-800-577-TIPS or DM us!ğŸ“Calls are CONFIDENTIAL! #YourCityYourCall @NYPDShea https://t.co/Z1hywunugJ
1321541238634483712
ğŸš¨WANTEDğŸš¨for GRAND LARCENY #CountryClub #Bronx @NYPD45PCT @ 3347 Agar Pl on 10/18/20 @ 8:45 PM ğŸ’°Reward up to $2500ğŸ•¶Seen him? Know who this is?â˜ï¸Call 1-800-577-TIPS or DM us!ğŸ“Calls are CONFIDENTIAL! #yourcityYourcall https://t.co/ZV9N59ZAKJ
1321268779343597568
ğŸš¨WANTEDğŸš¨for FORCIBLE TOUCHING #EastBronx #Bronx @NYPD47PCT @ Wilson Ave and Hicks St on 10/20 @ 11:45 PMğŸ’°Reward up to $2500ğŸ•¶Seen him? Know who this is? â˜ï¸Call 1-800-577-TIPS or DM us!ğŸ“Calls are CONFIDENTIAL! #yourcityYourcall https://t.co/dZpmL3cg0L
1321268056543399937
ğŸš¨WANTEDğŸš¨for Attempted ROBBERY #CypressHills #Brooklyn @NYPD75PCT @ Atlantic Ave &amp; Schenck Ave on 10/26/20 @ 5PMğŸ’°Reward up to $2500ğŸ•¶Seen them? Know who they are?â˜ï¸Call 1-800-577-TIPS or DM us!ğŸ“Calls are CONFIDENTIAL! #yourcityYourcall https://t.co/tu93Ljs3xu
1321266062483165185
ï¿¼ğŸš¨WANTEDï¿¼ğŸš¨for BURGLARY inside of 55 Berry StreetÂ Â Â  #Williamsburg#Brooklyn @NYPD94Pct on 10/17/20 @ 4:00 PM ï¿¼ğŸ’°Reward up to $2500ï¿¼ ğŸ•¶Seen him? Know who he is? ï¿¼â˜ï¸Call 1-800-577-TIPS or DM us!ï¿¼ğŸ“Calls are CONFIDENTIAL! #YourCityYourCall @NYPDShea @NYPDDetectives https://t.co/pvPqYh900q
1320891180612280321
ğŸš¨WANTEDğŸš¨ for ASSUALTÂ Â inside of 14 Street and 7th avenue northbound"1"trainÂ #UnionSquare#ManhattanÂ @NYPD13Pct on 10/18/20 @ 5:50 PMğŸ’°Reward up to $2500ğŸ•¶Seen them? Know who they are? â˜ï¸Call 1-800-577-TIPS or DM us!ğŸ“Calls are CONFIDENTIAL! #YourCityYourCall @NYPDShea https://t.co/DgwxVgW3LZ
1320856456200130560
ğŸš¨WANTEDğŸš¨for ROBBERY inside of 2915 Avenue P  #MarinePark #Brooklyn @NYPD61Pct on 10/20/20 @ 8:30 AM ğŸ’°Reward up to $2500ğŸ•¶Seen him? Know who he is? â˜ï¸Call 1-800-577-TIPS or DM us!ğŸ“Calls are CONFIDENTIAL! #YourCityYourCall @NYPDDetectives @NYPDShea @ https://t.co/LNnn4FFj6t
1320832276977078273
ğŸš¨WANTEDğŸš¨for ROBBERY #Pomonok #Queens @NYPD107PCT @ 75-25 Parsons Blvd on 10/12/20 @ 6:33 PM ğŸ’°Reward up to $2500ğŸ‘“Seen them? Know who they are?â˜ï¸Call 1-800-577-TIPS or DM us!ğŸ“Calls are CONFIDENTIAL! #yourcityYourcall @NYPDDetectives @NYPDShea @NYPDFIRSTDEP @NYPDChiefofDept https://t.co/uSrzgUM6WF
1320558938849452033
ğŸš¨WANTEDğŸš¨for ASSAULT #EastNewYork #Brooklyn @NYPD75PCT @ 590 Gateway Drive on 10/15/20 @ 10:50 AM ğŸ’°Reward up to $2500ğŸ‘“Seen him? Know who he is?â˜ï¸Call 1-800-577-TIPS or DM us!ğŸ“Calls are CONFIDENTIAL! #yourcityYourcall @NYPDDetectives @NYPDShea @NYPDFIRSTDEP @NYPDChiefofDept https://t.co/YN8ydaQXlt
1320555193210228736
ğŸš¨WANTEDğŸš¨for GRAND LARCENY #Chelsea Â #Manhattan @NYPD13Pct @ 105 W 28 St on 10/18/20 @ 3PMğŸ’°Reward up to $2500ğŸ‘“Seen him? Know who this is?â˜ï¸Call 1-800-577-TIPS or DM us!ğŸ“Calls are CONFIDENTIAL! #yourcityYourcall https://t.co/YoNKFzRQAk
1320439012323168257
ğŸš¨WANTEDğŸš¨for ROBBERY #LincolnSquare #Manhattan @NYPD20PCT @ W 67 St &amp; CPW on 10/24/20 @ 3:20 PMğŸ’°Reward up to $2500ğŸ‘“Seen them? Know who they are?â˜ï¸Call 1-800-577-TIPS or DM us!ğŸ“Calls are CONFIDENTIAL! #yourcityYourcall https://t.co/OAvwNwGap9
1320436500949917696
ğŸš¨WANTEDğŸš¨for ROBBERY #Midtown #Manhattan @NYPDMTS @ 611 8 Ave on 10/23 @ 9:12 PMğŸ’°Reward up to $2500ğŸ‘“Seen them? Know who they are?â˜ï¸Call 1-800-577-TIPS or DM us!ğŸ“Calls are CONFIDENTIAL! #yourcityYourcall https://t.co/cwudmB2KIi
1320434376774135808
ğŸš¨WANTEDğŸš¨for ASSAULT On Friday 10/23/20 @ 1:03 AM opposite 155 Chauncey St #Brooklyn #StuyvesantHeights @NYPD81Pct ğŸ‘“Seen this person? Know who this is?â˜ï¸Call 1-800-577-TIPS. It is ANONYMOUS and you can receive a REWARD of up to $2500! #YourCityYourCall https://t.co/nwWsSBhyri
1320221389081759744
ğŸš¨WANTEDğŸš¨for ASSAULT On Sunday 10/18/20 @ 5:50 PM on the N/B platform @ 14 St &amp; 7 Ave subway station  #Manhattan @NYPD13Pct Seen these people? Know who they are?â˜ï¸Call 1-800-577-TIPS. It is ANONYMOUS and you can receive a REWARD of up to $2500! #YourCityYourCall @NYPDDetectives https://t.co/KrWDkfQ2JM
1320218060201119749
ğŸš¨WANTEDğŸš¨for a Grand Larceny Auto #Parkslope #Brooklyn @NYPD78Pct @ President Street and 4th Ave on 9/14/20@ 8:15 PM ğŸ’°Reward up to $2500ğŸ‘“Seen them? Know who they are? â˜ï¸Call 1-800-577-TIPS or DM us!ğŸ“Calls are CONFIDENTIAL! #yourcityYourcall @NYPDShea @NYPDDetectives @News12BK https://t.co/IKYCKimJl0
1320094145541754881
ğŸš¨WANTEDğŸš¨for a ROBBERY  #Morrisania #Bronx @NYPD42Pct @ 507 East 161 Street on 10/11/20 @ 11:44 AMğŸ’°Reward up to $2500ğŸ‘“Seen him? Know who he is? â˜ï¸Call 1-800-577-TIPS or DM us!ğŸ“Calls are CONFIDENTIAL! #yourcityYourcall @NYPDShea @NYPDDetectives @News12BX @BronxDAClark https://t.co/6HCOa2r9qx
1320038863247650821
ğŸš¨WANTEDğŸš¨for a Non-Fatal Shooting #Southbronx #Bronx @NYPD40Pct @ 665 Westchester Ave on 10/15/20@ 6:50 PMğŸ’°Reward up to $2500ğŸ‘“Seen them?Know who they are?â˜ï¸Call 1-800-577-TIPS ğŸ“Calls are CONFIDENTIAL! #yourcityYourcall @NYPDShea @NYPDDetectives @BronxDAClark @News12BX https://t.co/IqUINKIlnB
1319984701411610626
RT @NYPDTips: ğŸš¨WANTEDğŸš¨for HOMICIDE #Bronx @NYPD42Pct @ 1486 Vyse Ave on 10/12 @ 6:37 PMğŸ’°Reward up to $2500ğŸ•¶Seen him? Know who he is?â˜ï¸Callâ€¦
1319831918809124865
ğŸš¨WANTEDğŸš¨for An Assault  on the N/B Platform at 42 St.-Times Square ğŸš‚ Station #TimesSquare #Manhattan On 10/23/20 @ 9:25 AM ğŸ’°Reward up to $2500ğŸ‘“Seen him? Know who he is?â˜ï¸Call 1-800-577-TIPS or DM us!ğŸ“Calls are CONFIDENTIAL! #yourcityyourcall https://t.co/wmEx8eCduj
1319778659436298240
WANTED for A Reckless Endangerment (Shots Fired) in front of 615 West 143 St. #UpperManhattan Â #Manhattan @NYPD30pct on 10/11/20 @ 1:55 AM  Reward up to $2500Seen him? Know who he is? Call 1-800-577-TIPS or DM us!Calls are CONFIDENTIAL! @NYPDShea @NYPDDetectives @NYPDChiefofDept https://t.co/PSDPKFhoRQ
1319459632457371648
WANTED for A Reckless Endangerment (Shots Fired) in front of 602 W 135th St. #WestHarlemÂ #Manhattan @NYPD30pct on 10/21/20 @ 4 AM  Reward up to $2500Seen him? Know who he is? Call 1-800-577-TIPS or DM us!Calls are CONFIDENTIAL! @NYPDShea @NYPDDetectives @NYPDChiefofDept https://t.co/LYjcuoFuQN
1319456540949123073
ğŸš¨WANTEDğŸš¨ for an Assault of a Traffic Agent in front of 31-58 Steinway St. #Astoria #QUEENS @NYPD114Pct on 10/14/2020 at 3:01 PM  Reward up to $2500ğŸ‘“Seen him? Know who he is? â˜ï¸Call 1-800-577-TIPS or DM us!ğŸ“Calls are CONFIDENTIAL! #YourCityYourCall @NYPDShea @NYPDDetectives https://t.co/3coTu9FowV
1319450803623657472
ğŸš¨WANTEDğŸš¨for Sexual Abuse on the staircase of the 7th Avenue and 9th Street ğŸš‚ Station #ParkSlope  #brooklyn On 10/19/20 @ 2:20PMğŸ’°Reward up to $2500ğŸ‘“Seen him? Know who he is?â˜ï¸Call 1-800-577-TIPS or DM us!ğŸ“Calls are CONFIDENTIAL! #YourCityYourCall https://t.co/uquwjLXrNl
1319434084825825280
ğŸš¨WANTEDğŸš¨ for a Grand Larceny at 60-31 Metropolitan Avenue #RIDEGEWOOD #QUEENS @NYPD104Pct on 10/15/2020 at 11:54 AM  Reward up to $2500ğŸ‘“Seen him? Know who he is? â˜ï¸Call 1-800-577-TIPS or DM us!ğŸ“Calls are CONFIDENTIAL! #YourCityYourCall @NYPDShea @NYPDDetectives @QueensDAKatz https://t.co/iMyew3PnFO
1319431139631767552
ğŸš¨WANTEDğŸš¨for a Burglary Pattern in the confines of the @NYPD43Pct #Bronx on Saturday 10/18/20 at 10:AM  and 2:24 PM  PMğŸ’°Reward up to $2500ğŸ•¶Seen them? Know who they are?â˜ï¸Call 1-800-577-TIPS or DM us!ğŸ“Calls are CONFIDENTIAL! #yourcityYourcall https://t.co/jeWozUAszJ
1319422071450050560
ğŸš¨WANTEDğŸš¨for a Robbery Pattern in the confines of the @NYPD44Pct  #Bronx on Saturday 10/17/20 at 3:00PM and 3:19 PMğŸ’°Reward up to $2500ğŸ•¶Seen them? Know who they are?â˜ï¸Call 1-800-577-TIPS or DM us!ğŸ“Calls are CONFIDENTIAL! #yourcityYourcall https://t.co/yV3WSVemi5
1319418198622670848
ğŸš¨WANTEDğŸš¨for an ASSAULT Â #AlphabetCity #Manhattan @NYPD9Pct @ 108 Avenue D on 9/9/20 @ 12:10 AMğŸ’°Reward up to $2500ğŸ‘“Seen them? Know who they are?â˜ï¸Call 1-800-577-TIPS or DM us!ğŸ“Calls are CONFIDENTIAL! #yourcityYourcall @NYPDDetectives @NYPDShea @NYPDFIRSTDEP @NYPDChiefofDept https://t.co/1LeQRc2a5S
1319361412855173121
ğŸš¨WANTEDğŸš¨ for a ROBBERY inside of 1683 WOODBINE Street #RIDEGEWOOD #QUEENS at NYPD104Pct on 10/20/20 at 11:51 PM ğŸ’°Reward up to $2500ğŸ‘“Seen him? Know who he is? â˜ï¸Call 1-800-577-TIPS or DM us!ğŸ“Calls are CONFIDENTIAL! #YourCityYourCall @NYPDShea @NYPDDetectives https://t.co/VbHGx0HN4u
1319345629076836352
ğŸš¨WANTEDğŸš¨for Forcible Touching on the platform of the northbound '3' train at the Nostrand Avenue ğŸš‚ Station #nostrandave #brooklyn On 10/19/20 @ 2:20PMğŸ’°Reward up to $2500ğŸ‘“Seen him? Know who he is?â˜ï¸Call 1-800-577-TIPS or DM us!ğŸ“Calls are CONFIDENTIAL! #yourcityyourcall https://t.co/LvDPldQR5U
1319216655340285952
ğŸš¨WANTEDğŸš¨for GRAND LARCENY #SouthBronx #Bronx @NYPD40Pct @ 626 Bergen Ave on 9/22 @ 6:25 PMğŸ’°Reward up to $2500ğŸ•¶Seen him? Know who he is?â˜ï¸Call 1-800-577-TIPS or DM us!ğŸ“Calls are CONFIDENTIAL! #yourcityYourcall https://t.co/aV7v8IWwXt
1319059906465570821
ğŸš¨WANTEDğŸš¨for an ASSAULT #StatenIsland @NYPD112Pct @NYPDTD20 @ Union Tpk-Kew Gardens subway station â€œE &amp; Fâ€ lines on 10/7 @ 0850 AMğŸ’°Reward up to $2500ğŸ‘“Seen him? Know who he is?â˜ï¸Call 1-800-577-TIPS or DM us!ğŸ“Calls are CONFIDENTIAL! #yourcityYourcall @NYPDDetectives @NYPDShea https://t.co/Awrv0U5IYn
1319054042224578561
ğŸš¨WANTEDğŸš¨ for A ROBBERY in the vicinity of  176-01 JAMAICA AVENUE #JAMAICABRICKTOWN #QUEENS  at @NYPD103Pct  on 10/04/2020 at 9:30 PM ğŸ’°Reward up to $2500ğŸ‘“Seen this person? Know who this person is ?â˜ï¸Call 1-800-577-TIPS or DM us!ğŸ“Calls are CONFIDENTIAL! #YourCityYourCall https://t.co/Hnd1QMugfD
1318995848479625216
ğŸš¨WANTEDğŸš¨for ROBBERY inside of 1440 SHERIDAN EXPRESSWAY #SOUNDVIEW #BRONX at @NYPD43Pct  on 10/11/2020 AT 10:40 PM ğŸ’°Reward up to $2500ğŸ‘“Seen them? Know who they are ?â˜ï¸Call 1-800-577-TIPS or DM us!ğŸ“Calls are CONFIDENTIAL! #YourCityYourCall @NYPDShea @NYPDDetectives https://t.co/HQYenrU2Oj
1318990743747297282
ğŸš¨WANTEDğŸš¨for A HOMICIDE in front of  58 BUSHWICK Avenue #WILLIAMSBURG #BROOKLYN  at NYPD90pct on 10/13/2020 at 2:34 PM ğŸ’°Reward up to $2500ğŸ‘“Seen him? Know who he is ?â˜ï¸Call 1-800-577-TIPS or DM us!ğŸ“Calls are CONFIDENTIAL! #YourCityYourCall @NYPDDetectives @NYPDShea @NYPD90Pct https://t.co/5bI6khGa7n
1318984554825351171
ğŸš¨WANTED for a ROBBERYğŸš¨ ï¿¼Thursday, 10/8/20@ 8:10PM inside of 308 Mott St #eastvillage #manhattan @NYPD9Pct ï¿¼ğŸ‘“Seen them? Know who they are?ï¿¼â˜ï¸Call 1-800-577-TIPS. It is ANONYMOUS you can receive aï¿¼ğŸ’°REWARD of up to $2500! #YourCityYourCall @NYPDDetectives @NYPDShea @ABC7NY https://t.co/rgrnH40VQ1
1318966279982678019
ï¿¼WANTEDï¿¼ for A RECKLESS ENDANGERMENT in the vicinity of 721 Tinton avenue . Â #Bronx Â @NYPD40pct on 10/09/20 @ 2:55 PM ï¿¼Reward up to $2500ï¿¼Seen them? Know who they are?ï¿¼Call 1-800-577-TIPS or DM us!ï¿¼Calls are CONFIDENTIAL! https://t.co/je8rKc0hGo
1318850467733164032
ï¿¼WANTEDï¿¼ for A SEX ABUSE inside flushing meadow park. Â #queens Â @NYPD110pct on 10/08/20 @ 6:30 PM ï¿¼Reward up to $2500ï¿¼Seen him ? Know who he is ?ï¿¼Call 1-800-577-TIPS or DM us!ï¿¼Calls are CONFIDENTIAL! https://t.co/NWLwOi8Fb9
1318773016596275200
ï¿¼WANTEDï¿¼ for A GRAND LARCENY in the vicinity of 505 west 135 street . Â #Manhattan Â @NYPD30pct on 10/08/20 @ 9:30 PM ï¿¼Reward up to $2500ï¿¼Seen him? Know who he is ?ï¿¼Call 1-800-577-TIPS or DM us!ï¿¼Calls are CONFIDENTIAL! https://t.co/WRZaFSmfoK
1318764552813764608
ğŸš¨WANTEDğŸš¨for BURGLARY #Concourse #Bronx @NYPD44Pct @ 876 Gerard Â Ave on 10/13 @ 8PMğŸ’°Reward up to $2500ğŸ•¶Seen him? Know who he is?â˜ï¸Call 1-800-577-TIPS or DM us!ğŸ“Calls are CONFIDENTIAL! #yourcityYourcall https://t.co/eW7CHJyjTJ
1318721111119495173
ğŸš¨WANTEDğŸš¨for ROBBERY #Soho #Manhattan @NYPD1Pct @ 29 Greene St on 10/5 @ 3:25 PMğŸ’°Reward up to $2500ğŸ‘“Seen them? Know who they are?â˜ï¸Call 1-800-577-TIPS or DM us!ğŸ“Calls are CONFIDENTIAL! #yourcityYourcall @NYPDDetectives @NYPDShea @NYPDFIRSTDEP @NYPDChiefofDept https://t.co/C0leXmChKO
1318719107001470977
ğŸš¨WANTEDğŸš¨for ROBBERY #Soho #Manhattan @NYPD1Pct @ 29 Greene St on 10/5 @ 3:25 PMğŸ’°Reward up to $2500ğŸ‘“Seen them? Know who they are?â˜ï¸Call 1-800-577-TIPS or DM us!ğŸ“Calls are CONFIDENTIAL! #yourcityYourcall @NYPDDetectives @NYPDShea @NYPDFIRSTDEP @NYPDChiefofDept https://t.co/rdIeXxc4Np
1318717607139213312
ğŸš¨WANTEDğŸš¨for ATTEMPTED ROBBERY #Unionport #Bronx @NYPD43Pct @ 2338 Bruckner Blvd on 10/19 @ 7PMğŸ’°Reward up to $2500ğŸ•¶Seen them? Know who they are?â˜ï¸Call 1-800-577-TIPS or DM us!ğŸ“Calls are CONFIDENTIAL! #yourcityYourcall https://t.co/UbhREN4tZU
1318714822222110721
ğŸš¨WANTEDğŸš¨for ATTEMPTED ROBBERY #Unionport #Bronx @NYPD43Pct @ 2338 Bruckner Blvd on 10/19 @ 7PMğŸ’°Reward up to $2500ğŸ•¶Seen them? Know who they are?â˜ï¸Call 1-800-577-TIPS or DM us!ğŸ“Calls are CONFIDENTIAL! #yourcityYourcall @NYPDDetectives @NYPDShea @NYPDFIRSTDEP https://t.co/isOWpISkAR
1318714491522174977
ğŸš¨WANTEDğŸš¨for HOMICIDE #Bronx @NYPD42Pct @ 1486 Vyse Ave on 10/12 @ 6:37 PMğŸ’°Reward up to $2500ğŸ•¶Seen him? Know who he is?â˜ï¸Call 1-800-577-TIPS or DM us!ğŸ“Calls are CONFIDENTIAL! #yourcityYourcall @NYPDDetectives @NYPDShea @NYPDFIRSTDEP @NYPDChiefofDept @NYPDChiefPatrol https://t.co/kxWisydrgT
1318712193249050634
ğŸš¨WANTEDğŸš¨for ROBBERY #SunsetPark #Brooklyn @NYPD72Pct 5602 5 Ave on 10/15 @ 6:45 PMğŸ’°Reward up to $2500ğŸ•¶Seen him? Know who he is?â˜ï¸Call 1-800-577-TIPS or DM us!ğŸ“Calls are CONFIDENTIAL! #yourcityYourcall @NYPDDetectives @NYPDShea @NYPDFIRSTDEP @NYPDChiefofDept @NYPDChiefPatrol https://t.co/I4pONm93jl
1318708393159364608
ğŸš¨WANTEDğŸš¨for ATTEMPTED BURGLARY #MurrayHill #Queens @NYPD109Pct Sanford Ave &amp; 147 St on 10/16 @ 1AMğŸ’°Reward up to $2500ğŸ•¶Seen him? Know who he is?â˜ï¸Call 1-800-577-TIPS or DM us!ğŸ“Calls are CONFIDENTIAL! #yourcityYourcall @NYPDDetectives @NYPDShea @NYPDFIRSTDEP @NYPDChiefofDept https://t.co/g3n1zaY9ci
1318706077823881216
ğŸš¨WANTEDğŸš¨for an Attempted Robbery in front of 330 West 39 Street #midtown #manhattan On 10/06/20 @ 1:45PMğŸ’°Reward up to $2500ğŸ‘“Seen him? Know who he is?â˜ï¸Call 1-800-577-TIPS or DM us!ğŸ“Calls are CONFIDENTIAL! #yourcityyourcall https://t.co/URtO1v18AF
1318446528739135489
ğŸš¨WANTEDğŸš¨for a Burglary inside of Green Earth Grocery located at 1420 Grand Concourse #mounteden #bronx On 10/16/20 @ 4:10AMğŸ’°Reward up to $2500ğŸ‘“Seen him? Know who he is?â˜ï¸Call 1-800-577-TIPS or DM us!ğŸ“Calls are CONFIDENTIAL! #yourcityyourcall https://t.co/rMpA7Ek1VA
1318409588627152907
@NYPDDetectives
1318232031403384840
ğŸš¨WANTEDğŸš¨for ROBBERIES #CrownHeights #Brooklyn @NYPD77Pct 235 Utica Ave on 9/13 @ 2PM &amp; 9/29 @ 1:40 PM.Â 1370 St Johns Pl on 9/29/20 @ 1:32 PMğŸ’°Reward up to $2500ğŸ•¶Seen him? Know who he is?â˜ï¸Call 1-800-577-TIPS or DM us!ğŸ“Calls are CONFIDENTIAL! #yourcityYourcall @NYPDDetectives https://t.co/dIiZxhl6d7
1318023306520526849
ğŸš¨WANTEDğŸš¨for ROBBERY On Sunday 10/18/20 @ 9:50 AM inside 1717 Broadway (Subway Deli) @NYPD83Pct #OceanHillBrownsville #BrooklynğŸ‘“Seen this person? Know who he is?â˜ï¸Call us 1-800-577-TIPS. It is ANONYMOUS you can receive a REWARD of up to $2500! #YourCityYourCall https://t.co/ndCAMVsMtv
1318015818916106242
ğŸš¨WANTEDğŸš¨for ROBBERY vicinity of 7 St &amp; Avenue ZÂ  #SheepsheadBay #Brooklyn @NYPD60Pct on 10/16/20 @ 5PM ğŸ’°Reward up to $2500ğŸ‘“Seen him? Know who he is?â˜ï¸Call 1-800-577-TIPS or DM us!ğŸ“Calls are CONFIDENTIAL! #yourcityYourcall @NYPDDetectives @NYPDShea @NYPDFIRSTDEP https://t.co/ibV9yoB8RK
1317897305320787970
ğŸš¨WANTED for a ROBBERYğŸš¨Friday,10/9/20@ 2:52PM in front of 961 East 174 St @nypd42 #crotona #Bronx ğŸ‘€Seen him? Know who he is?â˜ï¸Call us 800-577-TIPS. It is ANONYMOUS you can receive ağŸ’°REWARD of up to $2500! #YourCityYourCall @NYPDShea @NYPDDetectives @BronxDAClark @Salamancajr80 https://t.co/f6dTjiBGyC
1317882111299362819
ğŸš¨WANTED for a ROBBERYğŸš¨Friday, 10/16/20@ 5PM in the vicinity of 7th St and Ave Z @nypd60 #sheepsheadbay #Brooklyn ğŸ‘€Seen him? Know who he is?â˜ï¸Call us 800-577-TIPS. It is ANONYMOUS you can receive ağŸ’°REWARD of up to $2500! #YourCityYourCall @NYPDShea @NYPDDetectives @BrooklynDA https://t.co/EdBaXDHwe7
1317878878904438784
ğŸš¨WANTEDğŸš¨for a Robbery in front of 869 East 147 St. on 10/11/20 @ 7:55 P.M., @NYPD40Pct #BRONX #Motthaven ğŸ’°Reward up to $2500 ğŸ•¶Seen them? Know who they are? â˜ï¸Call 1-800-577-TIPS or DM us! ğŸ“Calls are CONFIDENTIAL! #yourcityYourcall @NYPDDetectives @NYPDShea https://t.co/JocZMz35r7
1317759997766471680
ğŸš¨WANTEDğŸš¨for a Robbery Pattern inside of @NYPD40Pct and @NYPD46Pct #BRONXğŸ’°Reward up to $2500 ğŸ•¶Seen them? Know who they are? â˜ï¸Call 1-800-577-TIPS or DM us! ğŸ“Calls are CONFIDENTIAL! #yourcityYourcall @NYPDDetectives @NYPDShea @NYPDChiefofDept https://t.co/7gyROPhAiw
1317758401158545409
ğŸš¨WANTEDğŸš¨for a CITYWIDE GRAND LARCENY PATTERN during the months of September and October.@NYPD109Pct @NYPD107Pct @NYPD111Pct @NYPD113Pct ğŸ’°Reward up to $2500 ğŸ•¶Seen them? Know who they are? â˜ï¸Call 1-800-577-TIPS or DM us! ğŸ“Calls are CONFIDENTIAL! #yourcityYourcall https://t.co/hZl7C3NgTy
1317695818569256960
ğŸš¨WANTEDğŸš¨for AN ATTEMPTED ASSAULT in front of 57 BARTLETT Street #WILLIAMSBURG #BROOKLYN  at NYPD90pct on 10/15/2020 @ 10:37 PMğŸ’°Reward up to $2500ğŸ‘“Seen them? Know who they are ?â˜ï¸Call 1-800-577-TIPS or DM us!ğŸ“Calls are CONFIDENTIAL! #YourCityYourCall @NYPDShea @NYPDDetectives https://t.co/yIMNcGAWVy
1317619116715483138
ğŸš¨WANTEDğŸš¨for AN ASSAULT in the vicinity of  MAGENTA Street and WHITE PLAINS Road #EASTBRONX @NYPD47Pct on 10/15/2020 @ 2:30 AM ğŸ’°Reward up to $2500ğŸ‘“Seen him? Know who he is ?â˜ï¸Call 1-800-577-TIPS or DM us!ğŸ“Calls are CONFIDENTIAL! #YourCityYourCall @NYPDDetectives @NYPDShea https://t.co/FXYbYwICF9
1317510443842342912
ğŸš¨WANTEDğŸš¨for a Robbery in front of 1308 Southern Blvd. #Bronx #morrisania @NYPD42Pct #Queens on 9/2/20 @ 9:30 PM, ğŸ’°Reward up to $2500 ğŸ•¶Seen him? Know who he is? â˜ï¸Call 1-800-577-TIPS or DM us! ğŸ“Calls are CONFIDENTIAL! #yourcityYourcall @NYPDDetectives @NYPDShea https://t.co/NbXRxkwwpw
1317358240339025921
ğŸš¨WANTEDğŸš¨for an armed Robbery Pattern in the confines of the  @NYPD105Pct #Queens during the months of August and SeptemberğŸ’°Reward up to $2500 ğŸ•¶Seen him? Know who he is? â˜ï¸Call 1-800-577-TIPS or DM us! ğŸ“Calls are CONFIDENTIAL! #yourcityYourcall @NYPDDetectives @NYPDShea https://t.co/yx1EZYf098
1317355780400680960
ğŸš¨WANTEDğŸš¨for a Grand Larceny in front of 130 Church Ave #kensington #Brooklyn @NYPD66Pct on 10/1/20 @ 3:00P.M.ğŸ’°Reward up to $2500 ğŸ•¶Seen them?Know who they are? â˜ï¸Call 1-800-577-TIPS or DM us! ğŸ“Calls are CONFIDENTIAL! #yourcityYourcall @NYPDDetectives @NYPDShea @BrooklynDA @ https://t.co/CE6W21xuLG
1317263034507796481
ğŸš¨WANTEDğŸš¨for a Robbery in the vicinity of Ocean Ave and Ave U #sheepsheadbay #Brooklyn @NYPD61Pct on 10/9/20 @ 4:00P.M.ğŸ’°Reward up to $2500 ğŸ•¶Seen them? Know who they are? â˜ï¸Call 1-800-577-TIPS or DM us! ğŸ“Calls are CONFIDENTIAL! #yourcityYourcall @NYPDDetectives @NYPDShea https://t.co/E2qPkBUCPL
1317262077157920768
ğŸš¨Crime Stoppers UPDATE: @NYPDSVU Detectives are still working to identify the perpetrator in this new surveillance video. Heâ€™s wanted for a 2019 ATTEMPTED RAPE in #StuyTown, located in the @NYPD13Pct. We are appealing to the public for help and we will never stop searching. https://t.co/R4esAlJZoy
1317168835393445893
ğŸš¨WANTEDğŸš¨for an ASSAULT in the vicinity of Surf Ave and West 10 St #Coneyisland #Brooklyn @NYPD60Pct on 10/6/20 @ 6:30PMğŸ’°Reward up to $2500ğŸ•¶Seen him?Know who he is? â˜ï¸Call 1-800-577-TIPS or DM us!ğŸ“Calls are CONFIDENTIAL! #yourcityYourcall @NYPDDetectives @NYPDShea @BrooklynDA https://t.co/d4JvTSC3Uo
1316894340938145792
ğŸš¨WANTEDğŸš¨for an ASSAULT in front of 33-51 9th St #Astoria #Queens @NYPD114Pct on 10/1/20 @4:50 PMğŸ’°Reward up to $2500 ğŸ•¶Seen him?Know who he is?â˜ï¸Call 1-800-577-TIPS or DM us! ğŸ“Calls are CONFIDENTIAL! #yourcityYourcall @NYPDDetectives @NYPDShea @NYPDChiefPatrol @NYPDChiefofDept https://t.co/ocpBam66Ii
1316892479514345475
ğŸš¨WANTEDğŸš¨for PUBLIC LEWDNESS inside Church Ave Subway Station â€œ5â€ train #EastFlatbush #Brooklyn @NYPD67Pct @NYPDTD32 on 10/8/20 @7PM ğŸ’°Reward up to $2500 ğŸ•¶Seen him? Know who he is? â˜ï¸Call 1-800-577-TIPS or DM us! ğŸ“Calls are CONFIDENTIAL! #yourcityYourcall https://t.co/q9lY7XCawa
1316840737175150592
